node,fee,num_trans
0279c22ed7a068d10dc1a38ae66d2d6461e269226c60258c021b1ddcdfe4b00bc4,10773.184418086103,852
02ad6fb8d693dc1e4569bcedefadf5f72a931ae027dc0f0c544b34c1c6f3b9a02b,7005.098788286034,554
0331f80652fb840239df8dc99205792bba2e559a05469915804c08420230e23c7c,3439.3264808913377,272
03864ef025fde8fb587d989186ce6a4a186895ee44a926bfc370e2c366597a3f8f,3186.434827884622,252
03d37fca0656558de4fd86bbe490a38d84a46228e7ec1361801f54f9437a18d618,2187.5127985080935,173
0232e20e7b68b9b673fb25f48322b151a93186bffe4550045040673797ceca43cf,2162.223633207422,171
02529db69fd2ebd3126fb66fafa234fc3544477a23d509fe93ed229bb0e92e4fb8,2149.5790505570862,170
032cc4541b25e86e39a7d450a979c1a9adbe2878df3a93fcb59c96c700bfe26aa3,1909.3319802007059,151
0390b5d4492dc2f5318e5233ab2cebf6d48914881a33ef6a9c6bcdbb433ad986d0,1909.3319802007059,151
02247d9db0dfafea745ef8c9e161eb322f73ac3f8858d8730b6fd97254747ce76b,1707.0186577953332,135
028dcc199be86786818c8c32bffe9db8855c5fca98951eec99d1fa335d841605c2,1656.44032719399,131
0217890e3aad8d35bc054f43acc00084b25229ecff0ab68debd82883ad65ee8266,1618.5065792429825,128
03e50492eab4107a773141bb419e107bda3de3d55652e6e1a41225f06a0bbf2d56,1479.4161700892887,117
02cdf83ef8e45908b1092125d25c68dcec7751ca8d39f557775cd842e5bc127469,1327.6811782852592,105
03abf6f44c355dec0d5aa155bdbdd6e0c8fefe318eff402de65c6eb2e1be55dc3e,1277.1028476839158,101
032679fec1213e5b0a23e066c019d7b991b95c6e4d28806b9ebd1362f9e32775cf,1112.7232732295504,88
03bb88ccc444534da7b5b64b4f7b15e1eccb18e102db0e400d4b9cfe93763aa26d,1087.4341079288788,86
03fb822818be083e0a954db85257a2911a3d55458b8c1ea4124b157e865a836d12,1087.4341079288788,86
03fce165537aea120bffe8505876b44d5119354f825b3eac329b761fc5636bf334,948.3436987751851,75
030c3f19d742ca294a55c00376b3b355c3c90d61c6b6b39554dbc7ac19b141c14f,897.7653681738419,71
03a503d8e30f2ff407096d235b5db63b4fcf3f89a653acb6f43d3fc492a7674019,758.6749590201481,60
02f3067188240c75beb36477db63771f66c976f7e5bdd6f6ace5508396aba24815,733.3857937194765,58
03cb7983dc247f9f81a0fa2dfa3ce1c255365f7279c8dd143e086ca333df10e278,695.452045768469,55
021607cfce19a4c5e7e6e738663dfafbbbac262e4ff76c2c9b30dbeefc35c00643,594.2953845657827,47
038ddc73e450a4bfb52992b35be8b0f52e1a1b4726ff319249a3314a508b616cde,594.2953845657827,47
02df5ffe895c778e10f7742a6c5b8a0cefbe9465df58b92fadeb883752c8107c8f,531.0724713141036,42
030995c0c0217d763c2274aa6ed69a0bb85fa2f7d118f93631550f3b6219a577f5,493.13872336309623,39
0311cad0edf4ac67298805cf4407d94358ca60cd44f2e360856f3b1c088bcd4782,493.13872336309623,39
02e9046555a9665145b0dbd7f135744598418df7d61d3660659641886ef1274844,442.560392761753,35
0391489a933ab83094d1af43b3df3e8c8d467474649361912f05211d0e68a28fc9,417.2712274610814,33
024d2387409269f3b79e2708bb39b895c9f4b6a8322153af54eba487d4993bf60f,417.2712274610814,33
031678745383bd273b4c3dbefc8ffbf4847d85c2f62d3407c0c980430b3257c403,404.62664481074563,32
023e8b9d0c52dc22d07f70a69624e2457df5760ca0b4d87a5df460b08863f46448,404.62664481074563,32
028a8e53d70bc0eb7b5660943582f10b7fd6c727a78ad819ba8d45d6a638432c49,404.62664481074563,32
03c2abfa93eacec04721c019644584424aab2ba4dff3ac9bdab4e9c97007491dda,404.62664481074563,32
02f45d28f3477a408d0d3e18a6cdedae9d58df18cf271ac84a0ce7d00699f38d19,366.69289685973825,29
039edc94987c8f3adc28dab455efc00dea876089a120f573bd0b03c40d9d3fb1e1,366.69289685973825,29
022c260f9ad58196af280c80a96ec9eabf6404df59ff1a7553b0f381c875a29ba0,354.0483142094024,28
03295d2e292565743a40bd44da227a820f8730877bc3dfadebade8785bcf355258,341.4037315590666,27
0242a4ae0c5bef18048fbecf995094b74bfb0f7391418d71ed394784373f41e4f3,341.4037315590666,27
032b2b3f4abda9677bb9563e226c068d3a2456fb8b036635a81c9bcaa1671d1ada,328.7591489087308,26
03da1c27ca77872ac5b3e568af30673e599a47a5e4497f85c7b5da42048807b3ed,303.46998360805924,24
03e5ea100e6b1ef3959f79627cb575606b19071235c48b3e7f9808ebcd6d12e87d,303.46998360805924,24
026bce917a5854f3c5140cc69c977d19a6d656554120b6dedf045b246941b858c5,278.1808183073876,22
022c699df736064b51a33017abfc4d577d133f7124ac117d3d9f9633b6297a3b6a,265.5362356570518,21
03bc9337c7a28bb784d67742ebedd30a93bacdf7e4ca16436ef3798000242b2251,252.891653006716,20
0205823109f3d6e1ac5f3e5ab41ab88bf463ffa7b59a81d07d8b688fb737e11955,240.24707035638022,19
031ce29116eab7edd66148f5169f1fb658fad62bdc5091221ab895fe5d36db00b2,227.60248770604443,18
0327049d8d63f0c40193cdf3afc61817c8647808a4e482de0716fcef74e6d92ebf,214.9579050557086,17
029a8741675c4c9078b577ddc4348d602d2fb45a12e6087b617925997a84f4c02e,214.9579050557086,17
03649c72a4816f0cd546f84aafbd657e92a30ab474de7ab795e8b5650a427611f7,202.31332240537282,16
03ffbf7ef99f52555d40b3eee011dc6042541fa5f49629cbfb64f8c1730726b101,202.31332240537282,16
02a45def9ae014fdd2603dd7033d157faa3a55a72b06a63ae22ef46d9fafdc6e8d,202.31332240537282,16
03a8355790b89f4d96963019eb9413b9a2c884691837ac976bacfe25a5212892d7,202.31332240537282,16
02c91d6aa51aa940608b497b6beebcb1aec05be3c47704b682b3889424679ca490,202.31332240537282,16
022755c3ff4e5a1d71f573cda4b315887fc00a9e5c9ea9a847d939f3e517e69a70,202.31332240537282,16
036a33e92cda2679ac91ac0467acb1ba33396c0df1119521653e0f269c275dd6bf,189.66873975503702,15
03c436af41160a355fc1ed230a64f6a64bcbd2ae50f12171d1318f9782602be601,189.66873975503702,15
03deedbfee762a68a44d2587560507e513ac185908728aaf053ad4a3c096d8acb0,189.66873975503702,15
032c6b30d84a7fe254537ec1c00f18775fc6dd1d1de1e305b5a980a4c0d6a8e35d,189.66873975503702,15
0374ecf61ed6c1208c42339f47decde2bc0c4393ac95f07827b3471e939d7eb961,177.0241571047012,14
021d9deaf090a021c6e464e3becc5296161e8aaf5de3c7a1d517838cd74525834f,177.0241571047012,14
02725e5abcbf5550fc29e6b19706a1377f25d2b1502684f9be9965b6deac167520,164.3795744543654,13
0276e09a267592e7451a939c932cf685f0754de382a3ca85d2fb3a864d4c365ad5,164.3795744543654,13
020e56a13babec99abdc2c4afbe34e1e44230d79b234c059fd4ff1e367765fdb1b,164.3795744543654,13
0303a518845db99994783f606e6629e705cfaf072e5ce9a4d8bf9e249de4fbd019,151.73499180402962,12
029d50d59c78b81a39f4ca40b6bc9b89710542a31429b69aa075b91b587979205d,151.73499180402962,12
026d9b9c8e55b435f117496e6a885fba7bf76530a5aa6f8f61304f84f9a31dda09,151.73499180402962,12
02da8d5a759ee9e4438da617cfdb61c87f723fb76c4b6371b877d0347abe953a4f,151.73499180402962,12
02690881543d633f3a16c8ff97397f3f2e8765a15f5ac057d701243e5adb7ba856,151.73499180402962,12
0219c2f8818bd2124dcc41827b726fd486c13cdfb6edf4e1458194663fb07891c7,139.0904091536938,11
03dab87ff8635982815c4567eb58af48f9944d11c56beb12b91e1049aaea06e187,139.0904091536938,11
032ebdae3314f072acd70e66e18572e6ba27f96918009369585e7cdcf36af3cf9e,139.0904091536938,11
03c4bb19c3a388d790968328b0f0d187a1a28597d3ad082200a47baadfdb6aee8d,139.0904091536938,11
02efe789fcf1d791e9dfc9494b81a9aea7aa0c2a8744c66165d16dc47ce6b88b91,139.0904091536938,11
03a5927b64b1ea8657d5b770d61a3e2d0554fdb5d568773e0d6a92907913ca21f6,139.0904091536938,11
024844abb8efc3262539fffb66cbb46282324894212a13bb5b4c7cae96744e5a97,139.0904091536938,11
024a2e265cd66066b78a788ae615acdc84b5b0dec9efac36d7ac87513015eaf6ed,126.445826503358,10
02445ff6a24e69242d6f6f38e1b7e8ae9c01eb9b660f3daf3304cb4b7cfeb79a99,126.445826503358,10
039f01ad62e5208940faff11d0bbc997582eafad7642aaf53de6a5f6551ab73400,126.445826503358,10
028303182c9885da93b3b25c9621d22cf34475e63c123942e402ab530c0556e675,126.445826503358,10
03a21c0c2a4fdc1179f07710c32fe49804d3e2b0b1bdc760dc11cbf116da3bb363,126.445826503358,10
02c0b38022846c6b6f45b30031859ac7c5fb0c67ec8ed5cce8409c4b438c267ffe,126.445826503358,10
03beddc8adbf7d56a7da15cdaf95d97b24d07088c3571b421c0e6f9d551a210342,126.445826503358,10
0234c548106512a0b93b2555d2638bc2fed3e6b091f75298383356258996230d92,126.445826503358,10
02004c625d622245606a1ea2c1c69cfb4516b703b47945a3647713c05fe4aaeb1c,126.445826503358,10
0358327cb80ab2a8db36a5924c62966c7b4a753045600df594aa3863ecb618cc5d,113.80124385302221,9
0290fb6ecd5865f7a973e1d48ffbc2612f80f6a2defbd6a188928bd0492bc2847e,113.80124385302221,9
031d244a60d61936834f290656cdf0ed4b9979260c19b07804bde681819f8e14ca,113.80124385302221,9
0267586e510d80fab314fbfa091f383b775646e7a87bc9ed8cd59bcded50405d6a,113.80124385302221,9
02b0172bb38617fa3afdb69664468b492d5a21062a4fa8b47284b0cc320e6e7420,113.80124385302221,9
02c5371591b640da03f9a645e2ddfa5620d8537388b03ddd524d36766c0f550db0,113.80124385302221,9
03ee180e8ee07f1f9c9987d98b5d5decf6bad7d058bdd8be3ad97c8e0dd2cdc7ba,113.80124385302221,9
02c69a0b4cb468660348d6d457d9212563ad08fb94d424395da6796fb74a13f276,113.80124385302221,9
0317d6b11e81729192aab651174991a32e566786a7abb45b88898ed27e218a15e6,101.15666120268641,8
02262bbc21c171bc91a1d6bbf89571c95873849b9a60d3ea9671b777d852d39ecd,101.15666120268641,8
03b38f5fb693ae96fda9533c7ba45840c0afc4390544223a18dd676d858bfd5b15,101.15666120268641,8
02309f3556d51e9d855594762dcf68cb283fbfd7e48618b6cecb8cd90e2e34d8ad,101.15666120268641,8
02b4cb8be9077c3b14d6aa575bc94adbc0e08f9f2dedfbc5774ded9095079740f0,101.15666120268641,8
02308c54b63e2c1375a52ce6ca27b171188f99e7c274eaf14be396289d93fb6003,101.15666120268641,8
0251b2c9d22f3621f27188d8236db84d9fd84d42adac063b2633744638b81f34ac,101.15666120268641,8
03012a23c769decc4fb40a92d5300692b576cb8dc887072580638b97911742554c,101.15666120268641,8
027ce055380348d7812d2ae7745701c9f93e70c1adeb2657f053f91df4f2843c71,88.5120785523506,7
0204a2b95b4c208383d7f02e741a8bfd5b5b7e8bea8d1543b1255da8342d9f2c6b,88.5120785523506,7
03b2312fa65b43b9ebc6d824af6ac0ad2cee7a490fd3a79af25f7a77bdd6f25c42,88.5120785523506,7
02c12b5459cf107ee0440cae41902f1189db50fa003a077f3a6fbe6b5760218695,88.5120785523506,7
023f5e3582716bed96f6f26cfcd8037e07474d7b4743afdc8b07e692df63464d7e,88.5120785523506,7
03205b045b0126c0d3fb826a38b9befc4babf51689544908c704d8e51fdec75ffb,88.5120785523506,7
033613d280de1eba995c7545e93caf76cfba41bef88c2d6732a67ce06c168b3acb,88.5120785523506,7
03ac2a5d7df493c67195067dfb38e7e250c89ecb4fe5c2d918fc31fd9a08695516,88.5120785523506,7
0395033b252c6f40e3756984162d68174e2bd8060a129c0d3462a9370471c6d28f,88.5120785523506,7
0373ca948ffd4cbbd08488c480aa7c43b57e9446c8ac6d3fe1cc92392e39e9eb95,88.5120785523506,7
02f3069a342ae2883a6f29e275f06f28a56a6ea2e2d96f5888a3266444dcf542b6,88.5120785523506,7
02523f947272e18da0b01d70535ce2b3002a92bdfbcab4cbe123151081f395d6c5,88.5120785523506,7
032060a40a94dc7b848d02314e4ccebe20f451dc87f28c1ed685caa58bfcc3989a,75.86749590201481,6
031d2bbc75802689312220a017c6b51fa246efc59c7aa9355f6f7395038ffb4d6a,75.86749590201481,6
031a1d89bae752c071fcdac24ecc00059a4fbb583ed15003d09aa94c8fd6242af3,75.86749590201481,6
022a94ee8d3b1dd52066b33a46a8f1f7ed0d4a9dcf5b0f310ce52e94a392a79299,75.86749590201481,6
039bcf7778ad7b14cf5974cd2705b06a58a8bbf564ca1df4791100f81104716624,75.86749590201481,6
0327e003e3c742db9a77f436e672bd42bd4a302ec0f92f0486c4fe09143bcfb0b9,75.86749590201481,6
02de4ba1b08b2895bde816f012d4b4a5fdd797dfdf6443c28db183ca4a83043835,75.86749590201481,6
03f02d965aea25de84613ad2be36573d2bd8c6d6dd47d9a516d233098c281d3ae7,75.86749590201481,6
0332052748755d74b3395b91eaea78b53bd64b55eb031ccb6a7ae23ac445bb6af7,75.86749590201481,6
034b2c0bdf0f85acf30ed8527862d229b9f4d6c42eaf72eed8a66e9fc3f8159550,75.86749590201481,6
03cac8425d15440dec66f7a86155f2f457301aa434a6abdb82af2252ef477e7eb0,75.86749590201481,6
02f9c7deb297e32fc3d3d55f336176055cd667a2fada0bd5663e7413e1aba55b86,75.86749590201481,6
02ae3c06f6db6a87ea874ef7ba86c87ab0041eabf6d8be0594582505b1fd5d7ee8,75.86749590201481,6
02fcc4b0a87749b022f05568d5ef893b7893bcbaa99276bbbb55d9e9abc1bdced0,63.222913251679,5
02cb2677db78e50a6d178092bf8c9b1f0e7d4b9a2bed918bc3f276c89c1649ba5b,63.222913251679,5
02ab9dabbf646626d32863e9dc81560e48681d2a49e0da3fbb4b4df11a58cc0fd3,63.222913251679,5
02d35ad6428b083d63575e3b0ce33e06c507910c131970b07dc194953b43a9794c,63.222913251679,5
02e7c42ae2952d7a71398e23535b53ffc60deb269acbc7c10307e6b797b91b1e79,63.222913251679,5
030f5bd59457dba436dfdebceebcc3206ac8dfcd40bb1a616942253c3fcc5be174,63.222913251679,5
02d7cf25ef92bd4dfb6aa9a0e7d955a1225c5f168328b771c6d194fec359302d30,63.222913251679,5
0260fab633066ed7b1d9b9b8a0fac87e1579d1709e874d28a0d171a1f5c43bb877,63.222913251679,5
02480676e5bda7b6c902e316c5c57b14cb7a855c287dc927f8c42abba503d64bff,63.222913251679,5
03a8334aba5660e241468e2f0deb2526bfd50d0e3fe808d882913e39094dc1a028,63.222913251679,5
03a5886df676f3b3216a4520156157b8d653e262b520281d8d325c24fd8b456b9c,63.222913251679,5
023c1f3d0efc623da2829a41426b324245133f99840363435c2e98086de3494bb7,63.222913251679,5
0223390bea8aa598442d056ace37c07e7364da1341b3681c371f6619b2879c0af2,63.222913251679,5
03c80be3937717b502e66dc6cf8ba2881c9e68a8398bfa08c2866babfc88a729f3,63.222913251679,5
0394396e6e8cf8d9f91de4269dfd2e8416b93b91cae6139057c7283b463e4bfa31,63.222913251679,5
03e81a5b8af31bc00a1c1c08419d3272b4982db02feafd739904df2edfcbdf6f7e,63.222913251679,5
020f49831fd13556e5b03239df888ca031edaebe5b4efccd52d2f5c6742a743ad6,63.222913251679,5
038b36a43c38f75cd15bb25394f1cd162f717df005585229182e62620db9d3f3ea,63.222913251679,5
037eb17d0fee2d20bacea3d78940b40f4ac61a5a7040a23b6e8280c80d7ebfb420,63.222913251679,5
03780bc0d405f8e9695a4474a03ed3314d761cfa3baf3ea8351c025d66399f969d,63.222913251679,5
036ac04a69f2ab587fd83c4f2aca255a81f138276fbca344ac3ecfae28d733be56,63.222913251679,5
035f3a87393269e9bfb594f9ed6d2d3551ff527889be510429a8fa99736d710fdb,63.222913251679,5
03ed88bb37c8c53c509d9a355e5a103614ebd30c98b7895ea4ccaddee262db190d,63.222913251679,5
02740c62f38896511eb98479036b06907fcac283f62d08b756a1e25fb55e3f6772,63.222913251679,5
033ac2f9f7ff643c235cc247c521663924aff73b26b38118a6c6821460afcde1b3,63.222913251679,5
03321fab5e3db6c378e23e9cceb522325dc4f6b0c68819944569128d34cba9cca3,63.222913251679,5
027c3b1cc5a649d5f6f7be2d591e34c37dc146fbed54d7f4c85898f9330107fe1c,63.222913251679,5
03f9ceb115a119594b4688ceed35feb80f33a3dd0f5cf688a7493c1a7217633931,63.222913251679,5
03b1be68b8f564fe53f5456cf4bec901ba968fb72ed7291279ab0c87e0d22f1f49,63.222913251679,5
03f18da23535adee245903c81750745197e3079d3b88b3898981c90a5f2411008c,50.578330601343204,4
03f810ac5ca2edf9e7908b4edf98411a26b555d8aee6b1c9a0a5ad62b9359aa546,50.578330601343204,4
03c2c348fac3e4953a797ba632ae8379bd4ae0ccc8d2598b7207eb62019fcbd875,50.578330601343204,4
031157d786ca2fb7b86f330366db3e0bb6925b336d285ed40705976eaa68ead610,50.578330601343204,4
02e5139727514cc176529349cd69b1a0c6faafb73b33a34c9bea4f01fb40e3cd37,50.578330601343204,4
02e5353624ec2180f6fd1b584dea493b91f982764db8e2cf520a0f1d18cf0f9d7e,50.578330601343204,4
03a511c490430787699573a9de1987881831e6dce1077cfcd2c52c97c9c94f5339,50.578330601343204,4
0314dc1c496290a33f8fba3e78332418b1c136d9fb2a14d4a181e3cc9a653ee2f8,50.578330601343204,4
039044f8cc91c1069f1747fe237fe0e1d626abee240eaaf3f9b21b99fd9c8231c7,50.578330601343204,4
038df0bd2fad1bfe42d177f18ea5e33543e2b855ef369d06bd94b81d2c87187c82,50.578330601343204,4
03587466207e0ff2787d23f5567ab666436f04fc0df7c996b69701b7e77900993e,50.578330601343204,4
03487fa0212243e20cb6504d5b93a144d0bc4d83d3d8a083691037a8892f9e5522,50.578330601343204,4
032c4b954f0f171b694b5e8e8323589e54196b48cf2efc27692513a360cb11d76f,50.578330601343204,4
032271efcb35188ef00e3f28469a2bb18b50a5f2f325bd130bdac341af24e9b5f0,50.578330601343204,4
02c58cabc78496cb847adbe4af654b2b0b94c54aa829840edde7777897a57e9db3,50.578330601343204,4
0200072fd301cb4a680f26d87c28b705ccd6a1d5b00f1b5efd7fe5f998f1bbb1f1,50.578330601343204,4
027962b0b105025f1c7fc87aa4b618bb847fd38e6d0a583cd1ac4d8d0a2a568891,50.578330601343204,4
02310841b34230632b2e8185f9429dbf27a463270cf049a66ce2d56b524b283b6d,50.578330601343204,4
02a15d043069892b1f93bdf4bf0160447afd61f7f23548bf1c56d92fd9744281e6,50.578330601343204,4
02271f8ad4c3375619689776f1de924550e0cc8a9012dd5baf8303d5e28db8c520,50.578330601343204,4
028b3ba3aa14be49e5096758c2b062114251eafd9a3dec502c64f3f079322672cb,50.578330601343204,4
028b2c9ed9427b31db21ed75eac119b040cf3e9bdbfaa378cde8561cf1274b4228,50.578330601343204,4
027a0eaffb8e103f9059d2d40b7c2d8993affc169168ca1808f752ee36ccf196ee,50.578330601343204,4
02964c50e89786896df7e5d10d7bb6995b0bbdaf891ff24fbcc52b75aae544e514,50.578330601343204,4
020d41c5a32f06d7addc7378f2d4a6596358d8716a3eb5d5bbdd894a82a1fdd00c,50.578330601343204,4
02b414e4e29a685b8699152be47a0420fa3c8ab59629d2da2d6c0a95c582636350,50.578330601343204,4
02c39f43c8fbdcac05b62e92b9f144b9719de14f39e6714a6a67f67aa4872c67a7,37.933747951007405,3
024b82d69859d63f9fce375041a34e61f4bfd445494b41d873ae7505322323d384,37.933747951007405,3
0319fec13dcb6df5b6a0cee49e85b4f6c48e5387d62d67858d6d46615b6e683f81,37.933747951007405,3
036b343eb46c5db996d3d1e2c6cc9742cbfa7e3b4146d4b4b0aef694b6d12960c8,37.933747951007405,3
037adcc69c3bc426516184dede4078dfa81a0d8131ae95b37d90e68edc89731f41,37.933747951007405,3
03890c9a4fbf518057f43bc0753f60ecf3101b970aaa406d555f170e0e29257317,37.933747951007405,3
03939ff69d65a13c4bb2585042e7eb7e75a7c77289ab5794d1b973721d86c6839c,37.933747951007405,3
024a8228d764091fce2ed67e1a7404f83e38ea3c7cb42030a2789e73cf3b341365,37.933747951007405,3
036403186a467144ea6aaf4d6e42f7544e91a78e0f8ebd8e38bd2054b953d82e3f,37.933747951007405,3
03021c5f5f57322740e4ee6936452add19dc7ea7ccf90635f95119ab82a62ae268,37.933747951007405,3
030043d0a2cfb69d80867094eb030f8abde7a5dc36e1a0faece73e614cf779bde8,37.933747951007405,3
024655b768ef40951b20053a5c4b951606d4d86085d51238f2c67c7dec29c792ca,37.933747951007405,3
02fe9469e1d7da69539e365c9b2a64d277ed5589622cb314dc8b3060f3c55f79e6,37.933747951007405,3
039d510570ab6e65fc8fb1f9ada5b63dc0f703a8d7dbde2fc11fb6f1e5810f6bbb,37.933747951007405,3
0238107198ba9e0e5fd5a0c67eac88e3633072885397c5925205891f8985e52078,37.933747951007405,3
026ab14e3bff403919f6150ef1973e60a6ae855213da9943a83578202c980e2e66,37.933747951007405,3
031c9a7f2243a1aaa88ea00665760cf8e74a4614d9657316b992dc350d624b22d4,37.933747951007405,3
031b3971363f95a2c645c96da138f9eec0a82ec41108d8c1946775e8f0e6638339,37.933747951007405,3
034a0fa8e6d83688f3e19c2bcb93fb9d6f366d6c937dbc3c744cb21db6e093958b,37.933747951007405,3
0279213a94ab9a2077377a4851c740da4b32fd8786d9d070b0454fc15a71e14afe,37.933747951007405,3
032e42afae47fafc446608e34d42c4483179014a49aa409110108cb00617395910,37.933747951007405,3
032d4baebebfdeab7a2ecef2fbe109cbef10de95f05aa54090fdb687789547dbf5,37.933747951007405,3
027c3abc90a51617fb9cf5162c2fedfd9832c620ef82b54e413e9ce0f892dabb0d,37.933747951007405,3
033cfe09030dff97391e08cd08c77834efcb44b706bee7ac7d0866b02ed67f356a,37.933747951007405,3
027e8a9c0afcf99078d71b97fd53d53968ac376f9e1320337e352269c8bcc42b61,37.933747951007405,3
034143d1a45cb9bcb912eab97facf4a971098385c4701753d6bc40e52192d0c04f,37.933747951007405,3
0348e881b4474d71c1f0825f54e3d99e487ece8a41f3fbf1c4de469833ab27206c,37.933747951007405,3
034cfb8dcb453372e8f13915cc770bcd7bb0f0809dd1b47c0c3b43b969ff9ff3b7,37.933747951007405,3
02f6725f9c1c40333b67faea92fd211c183050f28df32cac3f9d69685fe9665432,37.933747951007405,3
02c68169a28016de14cb59bf33983f18dbdb030601baef508105c7fde8d0d85159,37.933747951007405,3
028556f65ac00347b2fe28fe9097754596dc4fe1364d693dc3a9be3dccabec3240,37.933747951007405,3
026ba4fea7ba82e578ce294bd168daa25f7950db0409c15145036f25c905ccfd9a,37.933747951007405,3
0320f42d91c643b5a541758e4ecf4ad1d7f25b04ae149755adee8cd79fa9fbdfe3,37.933747951007405,3
0320e5b9f19a1c4dc22ebb751d757eaa5843262cd55a0f1b0d13cb5d445c5c78ae,37.933747951007405,3
02868e12f320073cad0c2959c42559fbcfd1aa326fcb943492ed7f02c9820aa399,37.933747951007405,3
026b105ac13212c48714c6be9b11577a9ce10f10e1c88a45ce217e6331209faf8b,37.933747951007405,3
028c1f8d907879ee8691ddab3547e93c5ec2098cc0f38cc39c4ee989cb3a10ae71,37.933747951007405,3
0237fefbe8626bf888de0cad8c73630e32746a22a2c4faa91c1d9877a3826e1174,37.933747951007405,3
0398212beaa280eabc2223dcacf248496c59195fea23a7684888cb948baa9f38e6,37.933747951007405,3
0215bea618806194ad88b80de8bc11c6391edb2fa1beeea6174305856596faeee8,37.933747951007405,3
02df6d3454bc4c0cdd9b6e5f04451f53c48d22300d3066cf4a8fb49effd025c0af,37.933747951007405,3
0215f33968047401f191b2c3203ece6d5781ca7f2c018e7795d5e5ddc05c8b4ebd,37.933747951007405,3
02da0713ab1b12eeb01f212944a435077f39f1b767ee5c24b01cdb4b0b9377b66b,37.933747951007405,3
02d98ee97760aba8124606c177d0e4c246fc6cd7bd8f8bd3857f20805a62ecbc26,37.933747951007405,3
02d8be648914ac46eec73489f333057fe559ef3799adf13b14842260be80a2f847,37.933747951007405,3
020de548b86e373e795e37343c9ef6f972d45ade479cc71ed5a9a7dac2588d0a37,37.933747951007405,3
03efccf2c383d7bf340da9a3f02e2c23104a0e4fe8ac1a880c8e2dc92fbdacd9df,37.933747951007405,3
02d4531a2f2e6e5a9033d37d548cff4834a3898e74c3abe1985b493c42ebbd707d,37.933747951007405,3
03f259a1908e98d3b618c79581e0ee04295a55e2d61e609db40f4e6f38c526a46a,37.933747951007405,3
03f456e8c3479654da4498b64c1aa80656a33561d52f3444f5930f5c4a410a6fb6,37.933747951007405,3
03f47ba61341a704b0910b6d1fc8a938bb97152e8df94dfc142816d2721b5d5c73,37.933747951007405,3
03f78684b49e125d73c1801b3529f7d663f08ae7e1dd5db416fe69d9cb47b1c50f,37.933747951007405,3
02cca6c5c966fcf61d121e3a70e03a1cd9eeeea024b26ea666ce974d43b242e636,37.933747951007405,3
0204e5a5ff14b090c1210cb99e7e616f840e0ef1b08fc9a268d13b7a2e5e997845,37.933747951007405,3
03fab7f8655169ea77d9691d4bd359e97782cb6177a6f76383994ed9c262af97a5,37.933747951007405,3
020327bbd6b7ebf577a041e24cbdc0b3ddb6ec4a2ec89e271260fc9d6fbaccc80a,37.933747951007405,3
021779d56f6992431e959991a664d678a2f41054073adb48c5a351d791c9cb0781,37.933747951007405,3
033181a72d4d61c6f3138240d98994e9553726bc65c892e9fe7a7b728a54005a36,37.933747951007405,3
03c0a04ca63b5ee4365393b69cb364a46a8b8d202a491802ef1a7981adac3e0f16,37.933747951007405,3
03c492f46d8e0a6256bb9c5c42f2aed24717f70a3f39e0961419dee511688e3110,37.933747951007405,3
022df3659d511f156e3ee91ef608a095ce3399234d374c7105356a36a904469372,37.933747951007405,3
02ec7ef744397834c3015fc6486ef9d5d51820fddd42d951165f74b3af23591f17,37.933747951007405,3
02e4aaf7c4f4b8ccb105ddf90ff991a76d43a2b732bac12dda043add4ef51846ed,37.933747951007405,3
02267dfd3548c201bcc74dbe067748d1738f58a84fdf46063a2396102b436851cb,37.933747951007405,3
0384417e479afb21bff425f467382f9c064ac08bd422ea36542fa6799e026d77e6,25.289165300671602,2
03f38829a9b9131e3a0887ca21fd042f2d07bd7f151fffefcc3d1585f24c1b3e7e,25.289165300671602,2
034e2d76ccc789e7a79c4fc395a1f5810d614a361df7daf0b4647f976eae932d4f,25.289165300671602,2
03f3c108ccd536b8526841f0a5c58212bb9e6584a1eb493080e7c1cc34f82dad71,25.289165300671602,2
026c7d28784791a4b31a64eb34d9ab01552055b795919165e6ae886de637632efb,25.289165300671602,2
03c334f18a877949c980b17ea7fef2576a6069e56695eb5ebd0f4ae90a9b3905e2,25.289165300671602,2
0348211ee76f3719b360d3ec33ab58f6ba2702ee8b5b579c4a9df6f9b78db70223,25.289165300671602,2
03f88ce6b35c7f268bf0c70d87c616ea2fdabeadb0c830d02b126db8bebadf79c3,25.289165300671602,2
033dd79123e7c386655f72d3eed186c071ef3b4a625d3fb9f613635e6483ff6823,25.289165300671602,2
0356c02ffe265f8ff38471e901785528d3da0668cd0a590ed67ee809d929c9bfd4,25.289165300671602,2
03f8ab9b7496be92ce370e0224661d5d2de80bca8f505d66f1226d0e6002007d2a,25.289165300671602,2
03beea9d33087a8419f87d8a9ce8cd8d9feecd910e0394f3d5302a3c9fd83059ff,25.289165300671602,2
022f3bfa1de8491bad95ea018b17d47efbfe713cd2da59ad5fc380198612b8954a,25.289165300671602,2
0338f87cb05016c9427de7872192615f9313d622db1a88f6c2594625ffd0b2d270,25.289165300671602,2
02009947c197575f5a948e1e4343c41dc2e6122a9bd644629afb919f30e1115ff8,25.289165300671602,2
0279f930a60afe43131fd3328ff4a9c55293254c328f45e76695c1ab9b3c5a68b2,25.289165300671602,2
03975535656e13c2b0b534f601d5f1f6d9ea4b13745604e8619269fd00ce927ae3,25.289165300671602,2
026ba13a7a31fb7bdf7a5e592a2d82668c17d133dd9c5bd295ac1c199ccd3eca0d,25.289165300671602,2
0207d58b94bd3946bf7eb8c27cea6cc29d147485efb33f284894e59062592f398a,25.289165300671602,2
0216006237022044d9bdb73ca51af267c5f67cf76095b4c6275f1162eb422fed68,25.289165300671602,2
02536b5baecd44a5d3e2fc85c32b9c42eb6f8a5ff4e5fa515d0acab9112d58cf75,25.289165300671602,2
037db7ce71ef503ed0e45aacbd346f3b1af40122d1d0eeb52d574711bb9a5bcf5f,25.289165300671602,2
03cf4b2e2d09408f448535906ef1241092afc0bb51d854766605d6241e63aafcad,25.289165300671602,2
03783fe0ad682e695e1d132df84222066d483599b5b49b879a7c6aeb66f57adb56,25.289165300671602,2
025cb2d324ae423d32984c7fc74edd7185b9fc9bd473d389f12483e3738d526600,25.289165300671602,2
021e6d24ce6ab022428b8f047ff82d6029d779cd3eed2e96254444f13bdd7ea796,25.289165300671602,2
026726a4b043d413b45b334876d17b8a98848129604429ec65532ba286a42efeac,25.289165300671602,2
03d24a4d2c8841890779f3c788cd269d467ad8ff8fcfdc21c8ceead42c7dd7f04b,25.289165300671602,2
038d0543c2f838fc6229bd7b80df46d8bad9f30c874ee3ac4578c4ce6f57956f08,25.289165300671602,2
038118e0490f8d3df07b6bdc5e7034dee90d769012764d31bfeb167269866824f0,25.289165300671602,2
03a9b9b4d5bff67fb90d7deaf7db842e3aa5e3abea58fa488a8af3d163679107d7,25.289165300671602,2
03e5df5eb4e8164c16d4dcc4d3a5bf9d4382036f758081b89c6825076d766426c0,25.289165300671602,2
024bd94f0425590434538fd21d4e58982f7e9cfd8f339205a73deb9c0e0341f5bd,25.289165300671602,2
03c73e43e92fab12af3461f723901f0bcdabdfdcf9b74973ad876bf0bff96a8676,25.289165300671602,2
035f804103054d1d24aa4b1cbe29a90c06af2695c93adb6e7501dc143cffbc09bd,25.289165300671602,2
03935a378993d0b55056801b11957aaecb9f85f34b64245f864c22a2d25001de74,25.289165300671602,2
022457e61da38e1a7cac56a054eb0ef225d84dfc6b932dfa119ad7fe6fbecdb71d,25.289165300671602,2
03957c801187ade4aaeee6ca1e3f23eeb7413a84558ff1f3543cb41f5f86da609a,25.289165300671602,2
03a6f9139dafd65a9ea12abeb0d11a46301b116992fef4f8064f0d1d415e14736e,25.289165300671602,2
0354d8382003663d8d825954224f80dcbd740b5031c5a588277a20c75586d41053,25.289165300671602,2
02a1d2856be336a58af08989aea0d8c41e072ccc392c46f8ce0e6e069f002035f3,25.289165300671602,2
03181fb04744983ee4599d486644c9f3fa0c1e03ccf400042c4784187c8186fcf6,25.289165300671602,2
030d609a79a8a0226b9ec3d76fad79ddcc7abcef9f65a64b46d8bbe2fc6be14705,25.289165300671602,2
02aaaacf06de5c658fd1544301fe9e41670d079e942382d584db9a372d504b72be,25.289165300671602,2
030ba3e4b6b3f8cbfae2ff7b243bfb12a2208afd17dd0fe0ab50e5b0c1212bb83f,25.289165300671602,2
02d362505e2d7201a9ba342beda0ace7bde0ef24d60ae9b5aa43e21f13df9f1968,25.289165300671602,2
028a2f0ca33134cfd5f655ed942ddcd9feb4a879831416bb23858d1d60154b0936,25.289165300671602,2
02e6b17c5a7a2461df38d0a571d92660f38ed5bbc847166ee655a1d0f83c1aa5ac,25.289165300671602,2
032a438e14dde2082aefd287d52664d3ac99c395a99d5e6a87f38778515fad75f7,25.289165300671602,2
029b71b8186914267ea59cb081c43ad1aeb874b5a185a4e5b2d56303f89dd8aa0d,25.289165300671602,2
031ad40e94278c0f90284831a4335cf59d17e5de12c249e7ecb3c2a4901fc435b1,25.289165300671602,2
02f40890af885da4673f0ee9725ee74bb2c66d6491cc4334056a2701057993e61d,25.289165300671602,2
029d91e731b4f03de2db7d83a0b61a3c2c45c1eac67292b87e31583ee6c696b5be,25.289165300671602,2
0314ecd09f2c9887530ed99436a20dd62607fa0fa0a8d0e2f630cf27f86e91e5f9,25.289165300671602,2
03301e633b25d769377bf75ce6b6ed2ec570270bc06c8c02bf33c5bd2aa47da098,25.289165300671602,2
02e2670a2c2661a9eea13b7cfdcdd7f552f591b9ee60e5678b7abe77b7f9516f96,25.289165300671602,2
028686d520cfdc8f7d234e879ea6fc7a963009afbcdafd0c40387e1cacfa1173ea,25.289165300671602,2
03c4909cb262a7c7a4d88ad216086783985153b6bd837e99768b260b4a4d315c38,12.644582650335801,1
02b60ffca21d6c5fb784c5e99d895c6cabfc467f1233da38c158accafe5ed4c859,12.644582650335801,1
03c7abcf7ef3d212faf3b48bc527bbd4e285579f71739d7be9ffeefbd5486a1727,12.644582650335801,1
02e5067afb7be9470214acc10d7b3ebc39e84cd7de57d86cc3598514fa6d821229,12.644582650335801,1
02ec3e575a0641fc419b783f48c4ec3a330c80ddd18b6c4ec0c653a0fb704df6ed,12.644582650335801,1
0218c47722e9613edf519bfa353d50b3d2bdb37d90f656d98f77bd944bf444c46c,12.644582650335801,1
02ac68441b9f203eb21d49bcaa7e932c7d4260f1b8cd504c01d6e67a0d0949c0f7,12.644582650335801,1
0225313f6c76ba1fff4bb1d67e6333eb6b514dc7af60346f585cc7dd9ed7cc13f4,12.644582650335801,1
02235e7e27a75a9626f4d6cee16ae1d75e6173227b1c7ac7993e036ef1f695a73d,12.644582650335801,1
02abbaa2bce7a353ec0624cfb91d19a3a6024d9bebdd96e79e6f289ea6915790e4,12.644582650335801,1
021802799027508e8a8bf9a0ab96ea78a6a995926a0b1310561a74375a06e14de9,12.644582650335801,1
0227bf336b0b7f745cc77eefa802e70823e048bcf25fb1772320b8db1048370811,12.644582650335801,1
02ee8c98a78d8061f6c9c09a9b36b05e02e03736609ea5e5eb8afdcd7f7163c50f,12.644582650335801,1
0232b889bd737c2adc4ba55989c134b4edd04fc308bb1ffe0e83c3e0172d9af840,12.644582650335801,1
02f74b098f9a0fe1c295b534d1adb2d4fefbce79a0eed17af1ba08b1afe968e535,12.644582650335801,1
02a5c7b9a2be3ab3d8c1647f991bf5f0757651a0b92f4133dc31e52b3315881adf,12.644582650335801,1
03a76b80027d7c067e0da77da95880faaf89e9bf87b73a7d57bd4a3f2a124b764f,12.644582650335801,1
02354f446c12c9759409f533cc180dd400ace7e2efd93d4791c6147a883ca37cf0,12.644582650335801,1
0232dfb488b67c20883a1dbf32aa0b65f326cbc0cd6cef424db7acfb7f514aff0d,12.644582650335801,1
03ab2157b6b046ad0f499d3b6552acedadeda7a09c6c3542df52efc2ac8d756b0f,12.644582650335801,1
02a67fe8864f59d9ec443a9b4a70b0e12dfb791ac2307a460f6ca94c1bc9a1d8d4,12.644582650335801,1
03cfb64a81ad9b94e6f3fa2e34218c9242606890bbfb65a0bb57d603158e6c590c,12.644582650335801,1
03b1ba0b913b793b4de77c9fbb5ed3bfc3897e247113b3c2d7d34fed0895ad4e1e,12.644582650335801,1
023062afced94dc97f5d756f94099b46b25407df418d3b4cf43d03dea3417cdc43,12.644582650335801,1
0230465203e24e014c0879067908f24cee03ef708e5a1b6fa1c2f816c6a5d41edf,12.644582650335801,1
02a94aadd09055ca615bd76aacb6bba748ed8a0d2e5924aea643e3dc3912085314,12.644582650335801,1
03ba4e2c8b5ae8455d4e28646b74db5792611af8ae032290c1960ee65b46b059d3,12.644582650335801,1
02f302189b8c0028aa919e5441a5d7e80c82ebdff421219e34408acea58274a823,12.644582650335801,1
02e01367e1d7818a7e9a0e8a52badd5c32615e07568dbe0497b6a47f9bef89d6af,12.644582650335801,1
027af98624687e3f6a51683344852d9eb122a51f49477434fe7392d1cadcf50539,12.644582650335801,1
03cfcf239f16d4aaaf05a377bddf04378d5bcb0620317d508ae8d011b0be08d95e,12.644582650335801,1
02059220fa2153fb6d7768d7d67c6b86f441f83b7046aea492f2018f7b800edfa9,12.644582650335801,1
0206b61ab11081093c863f91e7be3f7d7f52e4c122f8ea5d5171f5078a476c323f,12.644582650335801,1
02be74034df42a6cefa7d204ac726393f07a2b2cac9cee07400056c3512b6c2271,12.644582650335801,1
02d1a573d26567d50bfa2b808c7ee5db68f5f41f8f18e2d035f8e8251a6d30426c,12.644582650335801,1
02d11c4c4f986ff547288d873f6a33758aab744927355b01272ee560a3ba44d01e,12.644582650335801,1
02cf3cc45d8fee5055c4ba5a58fe22ae973685fa2cb43e2c5b6454eaa1d08066a8,12.644582650335801,1
02be8a7c6e669047bafee5091fc65ecc00bf035eaf7be5774da11ffe7f171f1964,12.644582650335801,1
02cda8c01b2303e91bec74c43093d5f1c4fd42a95671ae27bf853d7dfea9b78c06,12.644582650335801,1
02ccf167c482cbcd41c9a3ff3fe05504368db8911319d7851186b097a509d912c0,12.644582650335801,1
03ee7c5f9e2092bbb09e8db799b069f991e6398f6c1e61cdd9a6ad8ecf83924a22,12.644582650335801,1
02bf9092c49c1cf3df0a3c42f8c109c7e1d47e561710e3faba16d3f5d62b2914bc,12.644582650335801,1
02c9cb215be13811725c1398ed6f0995eaad5844fc3cd9695e630c81a744c8740d,12.644582650335801,1
03fa225168cefbde75a6d5cc63098ba62b6c159c9df9860e0042faf46aa60d1d3e,12.644582650335801,1
02c960a2f65ee043600bd6e98898d4d6ba92d463bb04b5758b9b704d2e7750992d,12.644582650335801,1
02c1ac5cee87e4f40f24ea4560ab0e63f398ef5fb630cf50a0e2f638ce51e3169e,12.644582650335801,1
02c2fab8d99106ce621cae6d35aaddcc5a13f6ae9c65f2c9cf2adc6570dc08482d,12.644582650335801,1
03fe493b887b492cf5a88f92d5e00b5119b6d905c7c68c660cb2f8cc46aedaeafc,12.644582650335801,1
02d7ca7aae77a43a65a50cbf806cf7b43af2f89c1cf331f98a3415263fa2031368,12.644582650335801,1
02baf5476270b437cb04ff2683b0866bbeb8f24353377b9b66415cf72ba61083d9,12.644582650335801,1
03cfea6e01d8735d29863d0ecc0f637e5da25c3afb1894e6cb1c25cc9c52dbceef,12.644582650335801,1
02dc523b9db431de52d7adb79cf81dd3d780002f4ce952706053edc9da30d9b9f7,12.644582650335801,1
02b80cabdf82638aac86948e4c06e82064f547768dcef977677b9ea931ea75bab5,12.644582650335801,1
023d280ae29f84dcfd289eb66b57227fea3a7bde97ec2869923d3c4d5c6a426028,12.644582650335801,1
02de60d194e1ca5947b59fe8e2efd6aadeabfb67f2e89e13ae1a799c1e08e4a43b,12.644582650335801,1
02b873b95a7b654fd70aa7af6f3d37bff83317f5db6a4f32c9b45b6f4cb1b065dc,12.644582650335801,1
03de5163824c2174f0f0094217dac8095800e5e421c4d70a236853523d820f3e77,12.644582650335801,1
02dce7cacb2827e75b31ea694045c3736a234d629483cfc43eb7d9088c89e0c803,12.644582650335801,1
03df257120256b5f0b87d25659946d42067a094c765bff830eb66d6ffba6f4d5da,12.644582650335801,1
02ba67b33fa997a807e73dd9530695767e36ae9bb96988020eeb1593679c06a8f0,12.644582650335801,1
02d87c093848fcc3d36d42d0dd0c44eb6dda033f399783a6a78d93408bf4227851,12.644582650335801,1
0214ec84c84827dd4911de56d2ecb77d367c6f24c658b8acfe4826b01968e45594,12.644582650335801,1
03e72a51954b76a4db2632d270802ed8fba41cbfbcf2fc7d236892ed07c2a5e992,12.644582650335801,1
0212864d59d5a902634c4a3186615446e9d56c17b14600f3b74fbabe3509aa707f,12.644582650335801,1
03e87608a34b8d715c0e49c7e8a2adb92fdf496e40a9b1fab2f0ecb32b502714ce,12.644582650335801,1
03e90fd715dd766a0ed532dc1ba45e5fb913b1dc29d5afd9b700548d98d53b598c,12.644582650335801,1
03ebba42db1a05cff6cc69ed28924fe4bf4731995a43fd0b07160a58ef8b4a94ba,12.644582650335801,1
03ec167b8086f16f76f8e723b253089b3768f063be9013e47c00078fe1dc3c878d,12.644582650335801,1
0217f595c689d9628574d1d5ffaecaecf85e3b4b21d98872eeada228a13b644700,12.644582650335801,1
024640534a69c29943a6f75f1fb44819e8ac12a9c5794391e573da8a838a869184,12.644582650335801,1
0240412b9cd5fff35d961c2f706c350e296c1a6b04d2add8141cb22bbc8d221120,12.644582650335801,1
028548166d69c30d783d09798b5116e9ece1e3b217aae31632ac88c38cab5630a8,12.644582650335801,1
0326f1d06748f019ecd98484eb23ba7367b1361e0ee6e38234d73afcc976dfdb3d,12.644582650335801,1
0354fcd9f1554f3505238e1b3c29223868953730c30b6565ad482dc31e90bcfa93,12.644582650335801,1
03555a11db2e0c3a97571ba144076adac8513d68a2cdf19580e2dcc54b25b78a3a,12.644582650335801,1
032569bb9504f24ad4684fee59223d39f3adb1f846cdd8a0aeaae3f56e2525dda8,12.644582650335801,1
03584abd04d69168600340ad5d11723d324f2fc95ea36cbb84804580e344af235e,12.644582650335801,1
0321ad07ca4a3e590830ea835844820ea08b0e8d2e7dbdc32aa98e801ab9fd862e,12.644582650335801,1
0358b6d4e10b3a232b7b6f4acee3aab99b5f7f4e9a9e69bcecc875ea1e1a147681,12.644582650335801,1
035aef5661e1a6e370db60dc0455796800afd5b51fbc12a0a8b34836b15f5d7ef6,12.644582650335801,1
031f8400b123834edd5736de9aac14ec0d77c11bff27f5a6eb0da5f6ce66ef0975,12.644582650335801,1
03609e92ab6dff378b6a7aca6f856bf5e9d56cadd622bd402a9b03d9a583c817b5,12.644582650335801,1
0361373e89c24abb40998754e3d313543f8308bb254cca965eb8c95c9bc6c2736d,12.644582650335801,1
026ac9fcd64fb1aa1c491fc490634dc33da41d4a17b554e0adf1b32fee88ee9f28,12.644582650335801,1
028c2f98b483bccf9e2634d6d5dca5cc6606ed6afd17d209da1a95f4b138d11a87,12.644582650335801,1
028ff87c9ad3f2889f69bed50048e15b2df9174aa248bb757f7a2726577e3a7031,12.644582650335801,1
036f709187264df770bd453270a95b579595a42cd89eab2ea437dfd537048a7250,12.644582650335801,1
0353308936d64e44970186cb43f215fbce1e2ab8631da17c545fadb0a79312229c,12.644582650335801,1
0285320fd498305570792665e689d6e8ca2584aa6eefec8a3b006d855b581c9819,12.644582650335801,1
02425af7b5f27f324bd3312bc19b58ef9dd40a6a7cac581b70e0cb2f3e31ae77a6,12.644582650335801,1
0280b0e3a491b09712b5d8293a974e5fc8465f2b88283a2abb070c8bc001dda32a,12.644582650335801,1
0330f0afe893e809d8790b26b40d9353f586ef0894d4ae704d06be24538c030457,12.644582650335801,1
0336bf99875b31ad9d78f2788d75bcb3deb52ff71ceac1ed96c5a6ff8aa3a429b3,12.644582650335801,1
03377f891367579d0cdfc2833bc323a1d01514eea40d48cce86d31e398223e0cb3,12.644582650335801,1
033aa93d8abed5a070efd69e1119351eed005b3af4c0de43db350adc2278c914d5,12.644582650335801,1
027ba5217fecd12ebb621e51b88b8c9640cce659bd894f4c8e820e09173826fca2,12.644582650335801,1
033cfb88e57bf05550bf461878e58b08a56c4f7cc972b2428e5a35a70a0d2b25c9,12.644582650335801,1
027cf99e95e346897a6f88212d5240fa790e3b4c97581bcffa354de10128998ce7,12.644582650335801,1
032b98bbdd48ca00300a627355900521c9302e6df363186a74e43213bcd3f781b2,12.644582650335801,1
033ec518c6ad5b565a89215d9f59c9d6dd2ca3d757b4c8fc4ea28eeeb0996ff837,12.644582650335801,1
032b31feacb6d645c9a83a015d2b52d549205ef515ddea9f0a6b8a4a657eefec3a,12.644582650335801,1
0346bb024705fcda043ca6d39fa5767c7c60b240ceb9d95f8b72f906bd7ef15638,12.644582650335801,1
028030ac23016a493a4db588864d4a9590effd4f72ccdaf5f31b2f0d27ddd04d25,12.644582650335801,1
026fa850551bcf59d3b78d04248115a6f032c587ba8084057ec0761f2a68846d36,12.644582650335801,1
032a57d7e327f5be21d4fdc12b171b49a75a19b34af428699a7dcc06a9889ffccb,12.644582650335801,1
034a6cbcc24be5ff1a3777e047933898ec6557ece040982cade99a47026c7f86e2,12.644582650335801,1
0371719964ae7f42264932ad3f54940f146a00289c23ad9ac2bb6cb825c4730a58,12.644582650335801,1
03728053580578793c83d47f235b187f513dcddda4135e7764f53e40c6d2adea69,12.644582650335801,1
026400d315418e167b29fccdc965010ea1f8f8c8ddbc4a790d77491d8478a4b661,12.644582650335801,1
0290cc884704073b2b633f69f852e8ca2a37660bb359a1e861f2b48760c298ac53,12.644582650335801,1
029a06f84c9bfddcf4dca173a4d1a540e6ce7f75cc7d1dde9fd5a70d80c504da07,12.644582650335801,1
038ff6ec3fb52c23f1ea2f341bd7f9dd899766380750e4ce8c76bf12e11e1bf9a1,12.644582650335801,1
024a853d9cdedafc164e49c2cef301966e5a78091322a84175b52d059d71b4d672,12.644582650335801,1
030b9d7e80a4cc1df746bfa4b79574d2334670d8b817ded494b98cd996f6ede960,12.644582650335801,1
030b04c5d37b8cb3acd324edefed38e170d355c8f0953718307b894321d576615f,12.644582650335801,1
030a4f1cb85c463a4115b78900f0159192f033324c12c88aec931b16b27abe22ad,12.644582650335801,1
02480c283dea91c64dd76777ade0517cf697a42ac7dd4892735b41d456f381a450,12.644582650335801,1
0246eaf6812013fb860306943f79a0e4fdc5971d5efaeb3cd58049545803bfb491,12.644582650335801,1
029aee02904d4e419770b93c1b07aae2814a79032e23cafb4024cbea6fb71be106,12.644582650335801,1
029ccbe1f4835d0fd4258d215a03a3ba6860ff2c49ab58b9207aa27455c5d1815c,12.644582650335801,1
02fffb0baa1f8a64d92c8b4222278c33a9c16d0f37bba24104c678fd9e4e7f57d6,12.644582650335801,1
03317598ee590de12b4e267982ba2b3250cc6059549203b6d658b29ace439c63fc,12.644582650335801,1
02459b759a62bc3ebfe98a320da237944cc4f35456384bd8fdefa7d0340c75f46f,12.644582650335801,1
03a001171949ec739cff4c92f9f6a6277bc542690daf92e97861181fc08ee08180,12.644582650335801,1
03a17e8ec9570e1b71d1c719aeeafa88b0604068863dc88028b490b96c2898dda8,12.644582650335801,1
024cb8d75de288f7b4f36acc8877c98dd48e5174fe8db35a9c2331dc8ed76dd204,12.644582650335801,1
038d8ad0e91f31388608435fe9268177db539802b9f3e325df023e2cbffd9a1cf4,12.644582650335801,1
038c4288a41c79e47f37efccb2a0e1deb3b48291a7813f0be12179f9e84a4c6d35,12.644582650335801,1
0292e8060da527f77be1db34a2a9f0b0baf158094e7424970806d5c9f90f4db312,12.644582650335801,1
0377c9f9105f3decdd06962f164001982de9f26a28b1f21a1a9ebcc160d13e6574,12.644582650335801,1
025b59ab9bc5541542f99688bb42df49404dab8fb32454387c7b1be86560ffda3f,12.644582650335801,1
037824abf26b48bd8b754273b2781fbc27733f4262c8e0f6147b8603b91e309b0b,12.644582650335801,1
031567fdf33cb9b4ab081019199295ffce38218751842a403e9fcf48778e4c3022,12.644582650335801,1
0291831e0f2e8d48b2b76fd0624845c4457ddd2bbef2a1379cbf3724aaff59ef4e,12.644582650335801,1
0313b20dac7142b018b63e7df962d27ad23460dbd7ce4066c9835e0cd6e6bc94a7,12.644582650335801,1
03817e6563dc36585b4510ff5fa50c0fe9a763ef14aa0bb8d10ead54c99c2da41d,12.644582650335801,1
0251325d14723f7c44d109acad89e65f5285d487d9ec95a7d9ff667b48ad1b3efa,12.644582650335801,1
0382ff7d87ba65b027f623386ea08b980fc4b688dfe7245aa3d79b81c18f6ca8c3,12.644582650335801,1
029350deff24a4eb582f163db998e478afc0509465bf81b8466406dc698b4f838f,12.644582650335801,1
0384d130bfd760b6e9e1155963558367533552ef971563a72c6c5cb117af9db93d,12.644582650335801,1
0251a08c8f96c02bac929be2fd91b6ae714b1b90fa29a11833d6f226ac9e5071ef,12.644582650335801,1
0388a2cd707ac944a2b0c8adbf67c4a313d24b6dc2ab2baba842f9a9eecf925131,12.644582650335801,1
030ea1b3efaf88e7b7d22679b0de8cdd5d2c6eb78babc4fee4d7d27cb06e8aa175,12.644582650335801,1
02f9f2ef60e438960698992ba8ab9b6f09cf2a5077f261e5cd7ee5cdc154fffcb2,12.644582650335801,1
